{
  "player_1001": {
    "version": "4b68b29fc8c4",
    "metrics": {
      "val_mae": 0.006103038787841797,
      "test_mae": 0.06633710861206055
    },
    "hyperparameters": {
      "n_estimators": 65,
      "max_depth": 6,
      "learning_rate": 0.09493732706631618,
      "subsample": 0.6
    }
  },
  "player_1002": {
    "version": "f22266cf0be2",
    "metrics": {
      "val_mae": 0.006102800369262695,
      "test_mae": 0.06633710861206055
    },
    "hyperparameters": {
      "n_estimators": 65,
      "max_depth": 6,
      "learning_rate": 0.09493732706631618,
      "subsample": 0.6
    }
  },
  "player_1003": {
    "version": "3cb35eb512e4",
    "metrics": {
      "val_mae": 0.006102800369262695,
      "test_mae": 0.06633663177490234
    },
    "hyperparameters": {
      "n_estimators": 65,
      "max_depth": 6,
      "learning_rate": 0.09493732706631618,
      "subsample": 0.6
    }
  },
  "player_1004": {
    "version": "471f55c690f3",
    "metrics": {
      "val_mae": 0.006101846694946289,
      "test_mae": 0.06633682250976562
    },
    "hyperparameters": {
      "n_estimators": 65,
      "max_depth": 6,
      "learning_rate": 0.09493732706631618,
      "subsample": 0.6
    }
  },
  "player_1005": {
    "version": "1858a291f500",
    "metrics": {
      "val_mae": 0.0061037540435791016,
      "test_mae": 0.06633777618408203
    },
    "hyperparameters": {
      "n_estimators": 65,
      "max_depth": 6,
      "learning_rate": 0.09493732706631618,
      "subsample": 0.6
    }
  },
  "player_1006": {
    "version": "68e41a36769d",
    "metrics": {
      "val_mae": 0.006103038787841797,
      "test_mae": 0.06633710861206055
    },
    "hyperparameters": {
      "n_estimators": 65,
      "max_depth": 6,
      "learning_rate": 0.09493732706631618,
      "subsample": 0.6
    }
  },
  "player_1007": {
    "version": "2422d36e762e",
    "metrics": {
      "val_mae": 0.006102800369262695,
      "test_mae": 0.06633710861206055
    },
    "hyperparameters": {
      "n_estimators": 65,
      "max_depth": 6,
      "learning_rate": 0.09493732706631618,
      "subsample": 0.6
    }
  },
  "player_1008": {
    "version": "150118ea158c",
    "metrics": {
      "val_mae": 0.006102800369262695,
      "test_mae": 0.06633663177490234
    },
    "hyperparameters": {
      "n_estimators": 65,
      "max_depth": 6,
      "learning_rate": 0.09493732706631618,
      "subsample": 0.6
    }
  },
  "player_1009": {
    "version": "eda0c2878389",
    "metrics": {
      "val_mae": 0.006101846694946289,
      "test_mae": 0.06633682250976562
    },
    "hyperparameters": {
      "n_estimators": 65,
      "max_depth": 6,
      "learning_rate": 0.09493732706631618,
      "subsample": 0.6
    }
  },
  "player_1010": {
    "version": "2fe69c4398d7",
    "metrics": {
      "val_mae": 0.0061037540435791016,
      "test_mae": 0.06633777618408203
    },
    "hyperparameters": {
      "n_estimators": 65,
      "max_depth": 6,
      "learning_rate": 0.09493732706631618,
      "subsample": 0.6
    }
  }
}