_bin,mean_pred,mean_obs,count
"(-0.001, 0.1]",0.03965980747543791,0.0,30
"(0.1, 0.2]",0.12971580733179552,0.0,10
"(0.2, 0.3]",0.21781895694546405,0.0,10
"(0.3, 0.4]",0.3330796223891774,0.0,10
"(0.4, 0.5]",0.4668184314173335,0.0,10
"(0.5, 0.6]",,,0
"(0.6, 0.7]",0.6044510507606939,0.0,10
"(0.7, 0.8]",0.7300751840621537,0.0,10
"(0.8, 0.9]",0.8317730816305682,0.0,10
"(0.9, 1.0]",,,0
