player,status,n_rows,rmse_advanced,rmse_baseline,delta_rmse
LeBron James,no_data,,,,
Stephen Curry,ok,13.0,21.50599473057928,21.798505461087643,0.29251073050836496
Luka Doncic,ok,10.0,10.711770621161904,10.506782699447076,-0.20498792171482805
Kevin Durant,ok,13.0,7.8182988993552165,7.269919514360258,-0.5483793849949583
Jayson Tatum,no_data,,,,
