{
  "Stephen Curry": {
    "player_id": 201939,
    "seasons": [
      "2024-25",
      "2023-24",
      "2022-23"
    ],
    "stats": {
      "per_season": {
        "2024-25": {
          "games": 70,
          "PTS_per_game": 24.542857142857144,
          "AST_per_game": 6.014285714285714,
          "REB_per_game": 4.428571428571429,
          "FG_pct": 0.4483306836248013,
          "FG3_pct": 0.39668367346938777,
          "FT_pct": 0.9331103678929766,
          "TS_PCT": 0.6181812947983535
        },
        "2023-24": {
          "games": 74,
          "PTS_per_game": 26.43243243243243,
          "AST_per_game": 5.121621621621622,
          "REB_per_game": 4.45945945945946,
          "FG_pct": 0.44982698961937717,
          "FG3_pct": 0.4075342465753425,
          "FT_pct": 0.9228395061728395,
          "TS_PCT": 0.6160397087354179
        },
        "2022-23": {
          "games": 56,
          "PTS_per_game": 29.428571428571427,
          "AST_per_game": 6.285714285714286,
          "REB_per_game": 6.089285714285714,
          "FG_pct": 0.49338040600176525,
          "FG3_pct": 0.4272300469483568,
          "FT_pct": 0.9145907473309609,
          "TS_PCT": 0.6557168321874204
        }
      },
      "aggregated": {
        "games": 66.66666666666667,
        "PTS_per_game": 26.801287001287005,
        "AST_per_game": 5.807207207207207,
        "REB_per_game": 4.992438867438867,
        "FG_pct": 0.4638460264153146,
        "FG3_pct": 0.4104826556643624,
        "FT_pct": 0.9235135404655924,
        "TS_PCT": 0.6299792785737305
      }
    }
  },
  "Nikola Jokic": {
    "player_id": 203999,
    "seasons": [
      "2024-25",
      "2023-24",
      "2022-23"
    ],
    "stats": {
      "per_season": {
        "2024-25": {
          "games": 70,
          "PTS_per_game": 29.585714285714285,
          "AST_per_game": 10.228571428571428,
          "REB_per_game": 12.742857142857142,
          "FG_pct": 0.5762463343108505,
          "FG3_pct": 0.4169184290030212,
          "FT_pct": 0.8004434589800443,
          "TS_PCT": 0.6627454494252579
        },
        "2023-24": {
          "games": 79,
          "PTS_per_game": 26.39240506329114,
          "AST_per_game": 8.962025316455696,
          "REB_per_game": 12.354430379746836,
          "FG_pct": 0.5825655563430191,
          "FG3_pct": 0.3593073593073593,
          "FT_pct": 0.817351598173516,
          "TS_PCT": 0.6500511311201457
        },
        "2022-23": {
          "games": 69,
          "PTS_per_game": 24.492753623188406,
          "AST_per_game": 9.826086956521738,
          "REB_per_game": 11.840579710144928,
          "FG_pct": 0.6320939334637965,
          "FG3_pct": 0.3825503355704698,
          "FT_pct": 0.8216867469879519,
          "TS_PCT": 0.7014776689357464
        }
      },
      "aggregated": {
        "games": 72.66666666666667,
        "PTS_per_game": 26.82362432406461,
        "AST_per_game": 9.672227900516287,
        "REB_per_game": 12.312622410916303,
        "FG_pct": 0.596968608039222,
        "FG3_pct": 0.38625870796028344,
        "FT_pct": 0.8131606013805041,
        "TS_PCT": 0.6714247498270499
      }
    }
  },
  "Kevin Durant": {
    "player_id": 201142,
    "seasons": [
      "2024-25",
      "2023-24",
      "2022-23"
    ],
    "stats": {
      "per_season": {
        "2024-25": {
          "games": 62,
          "PTS_per_game": 26.56451612903226,
          "AST_per_game": 4.241935483870968,
          "REB_per_game": 6.032258064516129,
          "FG_pct": 0.5266903914590747,
          "FG3_pct": 0.43010752688172044,
          "FT_pct": 0.8393351800554016,
          "TS_PCT": 0.641935081537838
        },
        "2023-24": {
          "games": 75,
          "PTS_per_game": 27.093333333333334,
          "AST_per_game": 5.04,
          "REB_per_game": 6.6,
          "FG_pct": 0.5229805013927576,
          "FG3_pct": 0.41277641277641275,
          "FT_pct": 0.8557919621749409,
          "TS_PCT": 0.626340837915814
        },
        "2022-23": {
          "games": 47,
          "PTS_per_game": 29.06382978723404,
          "AST_per_game": 5.0,
          "REB_per_game": 6.659574468085107,
          "FG_pct": 0.5603248259860789,
          "FG3_pct": 0.4043478260869565,
          "FT_pct": 0.9191616766467066,
          "TS_PCT": 0.6769346653980336
        }
      },
      "aggregated": {
        "games": 61.333333333333336,
        "PTS_per_game": 27.573893083199877,
        "AST_per_game": 4.760645161290323,
        "REB_per_game": 6.430610844200412,
        "FG_pct": 0.5366652396126371,
        "FG3_pct": 0.4157439219150299,
        "FT_pct": 0.8714296062923497,
        "TS_PCT": 0.6484035282838952
      }
    }
  },
  "Luka Doncic": {
    "player_id": 1629029,
    "seasons": [
      "2024-25",
      "2023-24",
      "2022-23"
    ],
    "stats": {
      "per_season": {
        "2024-25": {
          "games": 50,
          "PTS_per_game": 28.16,
          "AST_per_game": 7.66,
          "REB_per_game": 8.18,
          "FG_pct": 0.4497560975609756,
          "FG3_pct": 0.367983367983368,
          "FT_pct": 0.7822784810126582,
          "TS_PCT": 0.5872539205872539
        },
        "2023-24": {
          "games": 70,
          "PTS_per_game": 33.857142857142854,
          "AST_per_game": 9.8,
          "REB_per_game": 9.242857142857142,
          "FG_pct": 0.48668280871670705,
          "FG3_pct": 0.3817204301075269,
          "FT_pct": 0.7861842105263158,
          "TS_PCT": 0.6173418354588647
        },
        "2022-23": {
          "games": 66,
          "PTS_per_game": 32.39393939393939,
          "AST_per_game": 8.015151515151516,
          "REB_per_game": 8.621212121212121,
          "FG_pct": 0.49620427881297446,
          "FG3_pct": 0.3419593345656192,
          "FT_pct": 0.7420749279538905,
          "TS_PCT": 0.6093390182174696
        }
      },
      "aggregated": {
        "games": 62.0,
        "PTS_per_game": 31.47036075036075,
        "AST_per_game": 8.491717171717172,
        "REB_per_game": 8.681356421356421,
        "FG_pct": 0.47754772836355236,
        "FG3_pct": 0.36388771088550476,
        "FT_pct": 0.7701792064976214,
        "TS_PCT": 0.6046449247545294
      }
    }
  },
  "Devin Booker": {
    "player_id": 1626164,
    "seasons": [
      "2024-25",
      "2023-24",
      "2022-23"
    ],
    "stats": {
      "per_season": {
        "2024-25": {
          "games": 75,
          "PTS_per_game": 25.64,
          "AST_per_game": 7.053333333333334,
          "REB_per_game": 4.066666666666666,
          "FG_pct": 0.46056338028169014,
          "FG3_pct": 0.33212341197822143,
          "FT_pct": 0.8944099378881988,
          "TS_PCT": 0.5889667507901895
        },
        "2023-24": {
          "games": 68,
          "PTS_per_game": 27.073529411764707,
          "AST_per_game": 6.9411764705882355,
          "REB_per_game": 4.529411764705882,
          "FG_pct": 0.49195402298850577,
          "FG3_pct": 0.36363636363636365,
          "FT_pct": 0.8862144420131292,
          "TS_PCT": 0.6111893126527144
        },
        "2022-23": {
          "games": 53,
          "PTS_per_game": 27.754716981132077,
          "AST_per_game": 5.528301886792453,
          "REB_per_game": 4.528301886792453,
          "FG_pct": 0.4939081537019681,
          "FG3_pct": 0.3512658227848101,
          "FT_pct": 0.8547486033519553,
          "TS_PCT": 0.6006435174599026
        }
      },
      "aggregated": {
        "games": 65.33333333333333,
        "PTS_per_game": 26.82274879763226,
        "AST_per_game": 6.507603896904674,
        "REB_per_game": 4.374793439388334,
        "FG_pct": 0.48214185232405465,
        "FG3_pct": 0.3490085327997983,
        "FT_pct": 0.8784576610844278,
        "TS_PCT": 0.6002665269676021
      }
    }
  }
}