{
  "Stephen Curry": {
    "player_id": 201939,
    "seasons": [
      "2024-25",
      "2023-24",
      "2022-23"
    ],
    "estimates": {
      "2024-25": {
        "aggregates": {
          "games": 70,
          "PTS": 1718.0,
          "AST": 421.0,
          "REB": 310.0,
          "FGA": 1258.0,
          "FGM": 564.0,
          "FTA": 299.0,
          "FTM": 279.0,
          "STL": 80.0,
          "BLK": 30.0,
          "TOV": 200.0,
          "MIN": 2249.0,
          "PTS_per_game": 24.542857142857144,
          "AST_per_game": 6.014285714285714,
          "REB_per_game": 4.428571428571429,
          "FGA_per_game": 17.97142857142857,
          "FGM_per_game": 8.057142857142857,
          "FTA_per_game": 4.271428571428571,
          "FTM_per_game": 3.9857142857142858,
          "STL_per_game": 1.1428571428571428,
          "BLK_per_game": 0.42857142857142855,
          "TOV_per_game": 2.857142857142857,
          "MIN_per_game": 32.128571428571426
        },
        "estimates": {
          "PER_est": 58.750000000000014,
          "WS_est": 31.710900000000006,
          "eff_per_game": 23.500000000000007,
          "ws_per_game": 0.4530128571428572
        }
      },
      "2023-24": {
        "aggregates": {
          "games": 74,
          "PTS": 1956.0,
          "AST": 379.0,
          "REB": 330.0,
          "FGA": 1445.0,
          "FGM": 650.0,
          "FTA": 324.0,
          "FTM": 299.0,
          "STL": 54.0,
          "BLK": 28.0,
          "TOV": 210.0,
          "MIN": 2420.0,
          "PTS_per_game": 26.43243243243243,
          "AST_per_game": 5.121621621621622,
          "REB_per_game": 4.45945945945946,
          "FGA_per_game": 19.527027027027028,
          "FGM_per_game": 8.783783783783784,
          "FTA_per_game": 4.378378378378378,
          "FTM_per_game": 4.04054054054054,
          "STL_per_game": 0.7297297297297297,
          "BLK_per_game": 0.3783783783783784,
          "TOV_per_game": 2.8378378378378377,
          "MIN_per_game": 32.7027027027027
        },
        "estimates": {
          "PER_est": 58.00675675675676,
          "WS_est": 33.69032432432432,
          "eff_per_game": 23.2027027027027,
          "ws_per_game": 0.45527465303140974
        }
      },
      "2022-23": {
        "aggregates": {
          "games": 56,
          "PTS": 1648.0,
          "AST": 352.0,
          "REB": 341.0,
          "FGA": 1133.0,
          "FGM": 559.0,
          "FTA": 281.0,
          "FTM": 257.0,
          "STL": 52.0,
          "BLK": 20.0,
          "TOV": 179.0,
          "MIN": 1941.0,
          "PTS_per_game": 29.428571428571427,
          "AST_per_game": 6.285714285714286,
          "REB_per_game": 6.089285714285714,
          "FGA_per_game": 20.232142857142858,
          "FGM_per_game": 9.982142857142858,
          "FTA_per_game": 5.017857142857143,
          "FTM_per_game": 4.589285714285714,
          "STL_per_game": 0.9285714285714286,
          "BLK_per_game": 0.35714285714285715,
          "TOV_per_game": 3.1964285714285716,
          "MIN_per_game": 34.660714285714285
        },
        "estimates": {
          "PER_est": 73.03571428571426,
          "WS_est": 34.02295714285713,
          "eff_per_game": 29.214285714285705,
          "ws_per_game": 0.6075528061224488
        }
      }
    }
  },
  "Nikola Jokic": {
    "player_id": 203999,
    "seasons": [
      "2024-25",
      "2023-24",
      "2022-23"
    ],
    "estimates": {
      "2024-25": {
        "aggregates": {
          "games": 70,
          "PTS": 2071.0,
          "AST": 716.0,
          "REB": 892.0,
          "FGA": 1364.0,
          "FGM": 786.0,
          "FTA": 451.0,
          "FTM": 361.0,
          "STL": 127.0,
          "BLK": 45.0,
          "TOV": 230.0,
          "MIN": 2575.0,
          "PTS_per_game": 29.585714285714285,
          "AST_per_game": 10.228571428571428,
          "REB_per_game": 12.742857142857142,
          "FGA_per_game": 19.485714285714284,
          "FGM_per_game": 11.228571428571428,
          "FTA_per_game": 6.442857142857143,
          "FTM_per_game": 5.1571428571428575,
          "STL_per_game": 1.8142857142857143,
          "BLK_per_game": 0.6428571428571429,
          "TOV_per_game": 3.2857142857142856,
          "MIN_per_game": 36.785714285714285
        },
        "estimates": {
          "PER_est": 105.46428571428575,
          "WS_est": 65.17692857142858,
          "eff_per_game": 42.1857142857143,
          "ws_per_game": 0.9310989795918369
        }
      },
      "2023-24": {
        "aggregates": {
          "games": 79,
          "PTS": 2085.0,
          "AST": 708.0,
          "REB": 976.0,
          "FGA": 1411.0,
          "FGM": 822.0,
          "FTA": 438.0,
          "FTM": 358.0,
          "STL": 108.0,
          "BLK": 68.0,
          "TOV": 237.0,
          "MIN": 2737.0,
          "PTS_per_game": 26.39240506329114,
          "AST_per_game": 8.962025316455696,
          "REB_per_game": 12.354430379746836,
          "FGA_per_game": 17.860759493670887,
          "FGM_per_game": 10.405063291139241,
          "FTA_per_game": 5.544303797468355,
          "FTM_per_game": 4.531645569620253,
          "STL_per_game": 1.3670886075949367,
          "BLK_per_game": 0.8607594936708861,
          "TOV_per_game": 3.0,
          "MIN_per_game": 34.64556962025316
        },
        "estimates": {
          "PER_est": 96.17088607594935,
          "WS_est": 63.1727316455696,
          "eff_per_game": 38.46835443037974,
          "ws_per_game": 0.7996548309565772
        }
      },
      "2022-23": {
        "aggregates": {
          "games": 69,
          "PTS": 1690.0,
          "AST": 678.0,
          "REB": 817.0,
          "FGA": 1022.0,
          "FGM": 646.0,
          "FTA": 415.0,
          "FTM": 341.0,
          "STL": 87.0,
          "BLK": 47.0,
          "TOV": 247.0,
          "MIN": 2322.0,
          "PTS_per_game": 24.492753623188406,
          "AST_per_game": 9.826086956521738,
          "REB_per_game": 11.840579710144928,
          "FGA_per_game": 14.81159420289855,
          "FGM_per_game": 9.36231884057971,
          "FTA_per_game": 6.0144927536231885,
          "FTM_per_game": 4.942028985507246,
          "STL_per_game": 1.2608695652173914,
          "BLK_per_game": 0.6811594202898551,
          "TOV_per_game": 3.579710144927536,
          "MIN_per_game": 33.65217391304348
        },
        "estimates": {
          "PER_est": 95.0,
          "WS_est": 52.941599999999994,
          "eff_per_game": 38.0,
          "ws_per_game": 0.7672695652173912
        }
      }
    }
  },
  "Kevin Durant": {
    "player_id": 201142,
    "seasons": [
      "2024-25",
      "2023-24",
      "2022-23"
    ],
    "estimates": {
      "2024-25": {
        "aggregates": {
          "games": 62,
          "PTS": 1647.0,
          "AST": 263.0,
          "REB": 374.0,
          "FGA": 1124.0,
          "FGM": 592.0,
          "FTA": 361.0,
          "FTM": 303.0,
          "STL": 50.0,
          "BLK": 77.0,
          "TOV": 190.0,
          "MIN": 2268.0,
          "PTS_per_game": 26.56451612903226,
          "AST_per_game": 4.241935483870968,
          "REB_per_game": 6.032258064516129,
          "FGA_per_game": 18.129032258064516,
          "FGM_per_game": 9.548387096774194,
          "FTA_per_game": 5.82258064516129,
          "FTM_per_game": 4.887096774193548,
          "STL_per_game": 0.8064516129032258,
          "BLK_per_game": 1.2419354838709677,
          "TOV_per_game": 3.064516129032258,
          "MIN_per_game": 36.58064516129032
        },
        "estimates": {
          "PER_est": 65.76612903225808,
          "WS_est": 35.797819354838715,
          "eff_per_game": 26.30645161290323,
          "ws_per_game": 0.5773841831425599
        }
      },
      "2023-24": {
        "aggregates": {
          "games": 75,
          "PTS": 2032.0,
          "AST": 378.0,
          "REB": 495.0,
          "FGA": 1436.0,
          "FGM": 751.0,
          "FTA": 423.0,
          "FTM": 362.0,