strategy,roi,final_bankroll,total_bets,win_rate
ev_positive,4.065556459563323,5065.556459563323,896,0.6729910714285714
high_conf,5.377979039446038,6377.979039446038,518,0.7760617760617761
underdogs,0.0,1000.0,0,0.0
