{
  "n_iters": 200,
  "mean_ms": 1.1057729995809495,
  "median_ms": 0.901399995200336,
  "p95_ms": 1.4255850343033671,
  "min_ms": 0.7495000027120113,
  "max_ms": 26.58129995688796
}