{
  "Player One": {
    "version": "4203ed9ac09e",
    "metrics": {
      "brier": 0.11111109786563489,
      "logloss": 0.40546507830584244,
      "roc_auc": null,
      "accuracy": 1.0
    },
    "hyperparameters": {
      "n_estimators": 187,
      "max_depth": 9,
      "learning_rate": 0.07768811685516967
    }
  },
  "Player Two": {
    "version": "68d27110000a",
    "metrics": {
      "brier": 0.027481483599759715,
      "logloss": 0.1812526096050493,
      "roc_auc": null,
      "accuracy": 1.0
    },
    "hyperparameters": {
      "n_estimators": 187,
      "max_depth": 15,
      "min_samples_leaf": 3
    }
  },
  "Player Three": {
    "version": "93b4942d9ea6",
    "metrics": {}
  }
}